index,x,y,position_index,radius,angle_deg
0,41,34,0,0.000000,0.0
1,41,33,0,0.000000,1.0
2,42,34,0,0.000000,2.0
3,42,33,0,0.000000,3.0
4,40,34,0,0.000000,4.0
5,43,34,0,0.000000,5.0
6,42,32,0,0.000000,6.0
7,43,33,0,0.000000,7.0
8,44,34,0,0.000000,8.0
9,45,33,0,0.000000,9.0
10,44,33,0,0.000000,10.0
11,45,32,0,0.000000,11.0
12,44,31,0,0.000000,12.0
13,44,32,0,0.000000,13.0
14,45,29,0,0.000000,14.0
15,44,25,0,0.000000,15.0
16,45,25,0,0.000000,16.0
17,45,26,0,0.000000,17.0
18,44,26,0,0.000000,18.0
19,39,27,0,0.000000,19.0
20,38,27,0,0.000000,20.0
21,39,14,0,0.000000,21.0
22,38,14,0,0.000000,22.0
23,41,14,0,0.000000,23.0
24,41,13,0,0.000000,24.0
25,42,13,0,0.000000,25.0
26,37,7,0,0.000000,26.0
27,36,7,0,0.000000,27.0
28,35,7,0,0.000000,28.0
29,39,8,0,0.000000,29.0
30,39,9,0,0.000000,30.0
31,40,9,0,0.000000,31.0
32,42,9,0,0.000000,32.0
33,43,9,0,0.000000,33.0
34,41,9,0,0.000000,34.0
35,41,5,0,0.000000,35.0
36,43,7,0,0.000000,36.0
37,43,8,0,0.000000,37.0
38,44,8,0,0.000000,38.0
39,43,12,0,0.000000,39.0
40,45,15,0,0.000000,40.0
41,44,15,0,0.000000,41.0
42,44,18,0,0.000000,42.0
43,45,18,0,0.000000,43.0
44,45,20,0,0.000000,44.0
45,44,21,0,0.000000,45.0
46,44,22,0,0.000000,46.0
47,40,23,0,0.000000,47.0
48,40,24,0,0.000000,48.0
49,28,43,0,0.000000,49.0
50,28,44,0,0.000000,50.0
51,27,44,0,0.000000,51.0
52,16,45,0,0.000000,52.0
53,17,45,0,0.000000,53.0
54,14,44,0,0.000000,54.0
55,13,44,0,0.000000,55.0
56,10,34,0,0.000000,56.0
57,10,41,0,0.000000,57.0
58,10,42,0,0.000000,58.0
59,11,41,0,0.000000,59.0
60,12,43,0,0.000000,60.0
61,20,43,0,0.000000,61.0
62,19,42,0,0.000000,62.0
63,18,42,0,0.000000,63.0
64,19,43,0,0.000000,64.0
65,23,45,0,0.000000,65.0
66,24,45,0,0.000000,66.0
67,26,45,0,0.000000,67.0
68,31,28,0,0.000000,68.0
69,32,28,0,0.000000,69.0
70,31,27,0,0.000000,70.0
71,32,27,0,0.000000,71.0
72,28,22,0,0.000000,72.0
73,27,21,0,0.000000,73.0
74,28,21,0,0.000000,74.0
75,28,20,0,0.000000,75.0
76,27,20,0,0.000000,76.0
77,26,20,0,0.000000,77.0
78,30,21,0,0.000000,78.0
79,27,14,0,0.000000,79.0
80,26,14,0,0.000000,80.0
81,21,15,0,0.000000,81.0
82,27,15,0,0.000000,82.0
83,27,16,0,0.000000,83.0
84,28,16,0,0.000000,84.0
85,28,15,0,0.000000,85.0
86,25,16,0,0.000000,86.0
87,26,15,0,0.000000,87.0
88,27,17,0,0.000000,88.0
89,26,16,0,0.000000,89.0
90,25,17,0,0.000000,90.0
91,24,16,0,0.000000,91.0
92,23,17,0,0.000000,92.0
93,24,17,0,0.000000,93.0
94,23,16,0,0.000000,94.0
95,22,17,0,0.000000,95.0
96,22,16,0,0.000000,96.0
97,23,14,0,0.000000,97.0
98,23,15,0,0.000000,98.0
99,24,14,0,0.000000,99.0
100,24,15,0,0.000000,100.0
101,20,19,0,0.000000,101.0
102,20,18,0,0.000000,102.0
103,20,17,0,0.000000,103.0
104,19,17,0,0.000000,104.0
105,25,31,0,0.000000,105.0
106,24,31,0,0.000000,106.0
107,10,33,0,0.000000,107.0
108,12,35,0,0.000000,108.0
109,13,35,0,0.000000,109.0
110,14,36,0,0.000000,110.0
111,6,34,0,0.000000,111.0
112,9,35,0,0.000000,112.0
113,12,36,0,0.000000,113.0
114,13,36,0,0.000000,114.0
115,9,44,0,0.000000,115.0
116,7,37,0,0.000000,116.0
117,8,36,0,0.000000,117.0
118,5,37,0,0.000000,118.0
119,2,32,0,0.000000,119.0
120,1,32,0,0.000000,120.0
121,1,33,0,0.000000,121.0
122,1,34,0,0.000000,122.0
123,2,34,0,0.000000,123.0
124,2,33,0,0.000000,124.0
125,3,41,0,0.000000,125.0
126,4,41,0,0.000000,126.0
127,7,40,0,0.000000,127.0
128,7,39,0,0.000000,128.0
129,7,41,0,0.000000,129.0
130,8,41,0,0.000000,130.0
131,21,42,0,0.000000,131.0
132,37,44,0,0.000000,132.0
133,37,43,0,0.000000,133.0
134,36,42,0,0.000000,134.0
135,37,42,0,0.000000,135.0
136,35,40,0,0.000000,136.0
137,36,41,0,0.000000,137.0
138,37,41,0,0.000000,138.0
139,33,40,0,0.000000,139.0
140,35,43,0,0.000000,140.0
141,36,43,0,0.000000,141.0
142,32,45,0,0.000000,142.0
143,33,45,0,0.000000,143.0
144,32,44,0,0.000000,144.0
145,31,44,0,0.000000,145.0
146,30,43,0,0.000000,146.0
147,31,43,0,0.000000,147.0
148,30,42,0,0.000000,148.0
149,29,42,0,0.000000,149.0
150,20,44,0,0.000000,150.0
151,21,44,0,0.000000,151.0
152,21,43,0,0.000000,152.0
153,22,44,0,0.000000,153.0
154,22,43,0,0.000000,154.0
155,24,38,0,0.000000,155.0
156,23,38,0,0.000000,156.0
157,23,39,0,0.000000,157.0
158,23,41,0,0.000000,158.0
159,23,42,0,0.000000,159.0
160,29,40,0,0.000000,160.0
161,29,39,0,0.000000,161.0
162,29,41,0,0.000000,162.0
163,24,34,0,0.000000,163.0
164,36,32,0,0.000000,164.0
165,42,38,0,0.000000,165.0
166,34,31,0,0.000000,166.0
167,33,32,0,0.000000,167.0
168,33,31,0,0.000000,168.0
169,35,31,0,0.000000,169.0
170,36,29,0,0.000000,170.0
171,36,30,0,0.000000,171.0
172,35,30,0,0.000000,172.0
173,35,29,0,0.000000,173.0
174,34,30,0,0.000000,174.0
175,32,31,0,0.000000,175.0
176,32,30,0,0.000000,176.0
177,33,29,0,0.000000,177.0
178,32,29,0,0.000000,178.0
179,33,30,0,0.000000,179.0
180,33,28,0,0.000000,180.0
181,30,26,0,0.000000,181.0
182,30,27,0,0.000000,182.0
183,29,27,0,0.000000,183.0
184,30,28,0,0.000000,184.0
185,32,32,0,0.000000,185.0
186,30,30,0,0.000000,186.0
187,30,31,0,0.000000,187.0
188,31,32,0,0.000000,188.0
189,31,30,0,0.000000,189.0
190,31,31,0,0.000000,190.0
191,25,32,0,0.000000,191.0
192,26,32,0,0.000000,192.0
193,26,31,0,0.000000,193.0
194,27,31,0,0.000000,194.0
195,22,32,0,0.000000,195.0
196,24,36,0,0.000000,196.0
197,23,37,0,0.000000,197.0
198,22,37,0,0.000000,198.0
199,16,23,0,0.000000,199.0
200,22,38,0,0.000000,200.0
201,13,38,0,0.000000,201.0
202,14,38,0,0.000000,202.0
203,8,43,0,0.000000,203.0
204,8,42,0,0.000000,204.0
205,7,42,0,0.000000,205.0
206,2,30,0,0.000000,206.0
207,2,31,0,0.000000,207.0
208,3,28,0,0.000000,208.0
209,4,33,0,0.000000,209.0
210,4,29,0,0.000000,210.0
211,0,21,0,0.000000,211.0
212,0,20,0,0.000000,212.0
213,3,21,0,0.000000,213.0
214,2,21,0,0.000000,214.0
215,1,21,0,0.000000,215.0
216,6,22,0,0.000000,216.0
217,6,23,0,0.000000,217.0
218,5,23,0,0.000000,218.0
219,16,15,0,0.000000,219.0
220,17,15,0,0.000000,220.0
221,8,25,0,0.000000,221.0
222,24,8,0,0.000000,222.0
223,24,9,0,0.000000,223.0
224,24,2,0,0.000000,224.0
225,23,3,0,0.000000,225.0
226,24,3,0,0.000000,226.0
227,25,2,0,0.000000,227.0
228,23,0,0,0.000000,228.0
229,21,1,0,0.000000,229.0
230,21,2,0,0.000000,230.0
231,17,10,0,0.000000,231.0
232,15,10,0,0.000000,232.0
233,15,11,0,0.000000,233.0
234,4,13,0,0.000000,234.0
235,4,12,0,0.000000,235.0
236,2,14,0,0.000000,236.0
237,2,13,0,0.000000,237.0
238,3,14,0,0.000000,238.0
239,3,15,0,0.000000,239.0
240,1,16,0,0.000000,240.0
241,2,17,0,0.000000,241.0
242,2,16,0,0.000000,242.0
243,3,16,0,0.000000,243.0
244,2,15,0,0.000000,244.0
245,2,12,0,0.000000,245.0
246,3,12,0,0.000000,246.0
247,3,11,0,0.000000,247.0
248,0,10,0,0.000000,248.0
249,0,9,0,0.000000,249.0
250,3,8,0,0.000000,250.0
251,4,10,0,0.000000,251.0
252,4,9,0,0.000000,252.0
253,5,8,0,0.000000,253.0
254,4,8,0,0.000000,254.0
255,4,7,0,0.000000,255.0
256,5,7,0,0.000000,256.0
257,5,6,0,0.000000,257.0
258,6,6,0,0.000000,258.0
259,7,6,0,0.000000,259.0
260,9,5,0,0.000000,260.0
261,8,4,0,0.000000,261.0
262,7,4,0,0.000000,262.0
263,8,5,0,0.000000,263.0
264,7,5,0,0.000000,264.0
265,9,6,0,0.000000,265.0
266,8,6,0,0.000000,266.0
267,6,5,0,0.000000,267.0
268,5,5,0,0.000000,268.0
269,9,7,0,0.000000,269.0
270,12,7,0,0.000000,270.0
271,11,7,0,0.000000,271.0
272,12,6,0,0.000000,272.0
273,11,6,0,0.000000,273.0
274,10,7,0,0.000000,274.0
275,13,6,0,0.000000,275.0
276,10,6,0,0.000000,276.0
277,12,5,0,0.000000,277.0
278,11,5,0,0.000000,278.0
279,14,5,0,0.000000,279.0
280,13,5,0,0.000000,280.0
281,13,7,0,0.000000,281.0
282,11,8,0,0.000000,282.0
283,13,8,0,0.000000,283.0
284,11,9,0,0.000000,284.0
285,15,5,0,0.000000,285.0
286,16,4,0,0.000000,286.0
287,15,4,0,0.000000,287.0
288,16,3,0,0.000000,288.0
289,17,2,0,0.000000,289.0
290,18,2,0,0.000000,290.0
291,19,2,0,0.000000,291.0
292,28,3,0,0.000000,292.0
293,24,11,0,0.000000,293.0
294,18,21,0,0.000000,294.0
295,24,10,0,0.000000,295.0
296,19,10,0,0.000000,296.0
297,20,10,0,0.000000,297.0
298,20,9,0,0.000000,298.0
299,12,18,0,0.000000,299.0
300,8,27,0,0.000000,300.0
301,8,28,0,0.000000,301.0
302,5,29,0,0.000000,302.0
303,4,28,0,0.000000,303.0
304,5,28,0,0.000000,304.0
305,4,27,0,0.000000,305.0
306,3,25,0,0.000000,306.0
307,3,24,0,0.000000,307.0
308,2,24,0,0.000000,308.0
309,5,20,0,0.000000,309.0
310,5,22,0,0.000000,310.0
311,6,21,0,0.000000,311.0
312,25,12,0,0.000000,312.0
313,25,11,0,0.000000,313.0
314,25,13,0,0.000000,314.0
315,34,5,0,0.000000,315.0
316,35,5,0,0.000000,316.0
317,35,3,0,0.000000,317.0
318,36,3,0,0.000000,318.0
319,33,1,0,0.000000,319.0
320,34,0,0,0.000000,320.0
321,33,0,0,0.000000,321.0
322,29,0,0,0.000000,322.0
323,30,0,0,0.000000,323.0
324,31,0,0,0.000000,324.0
325,31,1,0,0.000000,325.0
326,25,0,0,0.000000,326.0
327,24,0,0,0.000000,327.0
328,24,1,0,0.000000,328.0
329,16,7,0,0.000000,329.0
330,19,7,0,0.000000,330.0
331,20,2,0,0.000000,331.0
332,37,4,0,0.000000,332.0
333,36,4,0,0.000000,333.0
334,35,4,0,0.000000,334.0
335,29,7,0,0.000000,335.0
336,29,6,0,0.000000,336.0
337,35,11,0,0.000000,337.0
338,35,12,0,0.000000,338.0
339,21,18,0,0.000000,339.0
340,45,23,0,0.000000,340.0
341,30,14,0,0.000000,341.0
342,42,21,0,0.000000,342.0
343,42,20,0,0.000000,343.0
344,43,21,0,0.000000,344.0
345,43,20,0,0.000000,345.0
346,39,32,0,0.000000,346.0
347,39,33,0,0.000000,347.0
348,41,35,0,0.000000,348.0
349,40,33,0,0.000000,349.0
350,42,35,0,0.000000,350.0
351,43,35,0,0.000000,351.0
352,43,36,0,0.000000,352.0
353,40,36,0,0.000000,353.0
354,41,36,0,0.000000,354.0
355,41,37,0,0.000000,355.0
356,40,37,0,0.000000,356.0
357,40,38,0,0.000000,357.0
358,42,37,0,0.000000,358.0
359,41,38,0,0.000000,359.0
360,41,32,1,0.250000,0.0
361,40,31,1,0.250000,1.0
362,41,30,1,0.250000,2.0
363,41,29,1,0.250000,3.0
364,40,32,1,0.250000,4.0
365,39,31,1,0.250000,5.0
366,40,30,1,0.250000,6.0
367,39,30,1,0.250000,7.0
368,41,28,1,0.250000,8.0
369,39,29,1,0.250000,9.0
370,40,29,1,0.250000,10.0
371,40,28,1,0.250000,11.0
372,39,28,1,0.250000,12.0
373,41,27,1,0.250000,13.0
374,40,27,1,0.250000,14.0
375,43,25,1,0.250000,15.0
376,42,25,1,0.250000,16.0
377,43,24,1,0.250000,17.0
378,42,24,1,0.250000,18.0
379,44,24,1,0.250000,19.0
380,42,23,1,0.250000,20.0
381,41,20,1,0.250000,21.0
382,40,20,1,0.250000,22.0
383,40,21,1,0.250000,23.0
384,41,21,1,0.250000,24.0
385,41,22,1,0.250000,25.0
386,39,15,1,0.250000,26.0
387,40,16,1,0.250000,27.0
388,41,15,1,0.250000,28.0
389,36,13,1,0.250000,29.0
390,37,13,1,0.250000,30.0
391,38,13,1,0.250000,31.0
392,39,13,1,0.250000,32.0
393,42,14,1,0.250000,33.0
394,43,14,1,0.250000,34.0
395,41,4,1,0.250000,35.0
396,41,10,1,0.250000,36.0
397,42,10,1,0.250000,37.0
398,42,11,1,0.250000,38.0
399,43,11,1,0.250000,39.0
400,45,16,1,0.250000,40.0
401,44,16,1,0.250000,41.0
402,45,19,1,0.250000,42.0
403,44,19,1,0.250000,43.0
404,44,20,1,0.250000,44.0
405,45,21,1,0.250000,45.0
406,38,28,1,0.250000,46.0
407,37,29,1,0.250000,47.0
408,43,26,1,0.250000,48.0
409,29,45,1,0.250000,49.0
410,28,45,1,0.250000,50.0
411,13,40,1,0.250000,51.0
412,12,41,1,0.250000,52.0
413,13,41,1,0.250000,53.0
414,13,42,1,0.250000,54.0
415,12,44,1,0.250000,55.0
416,11,39,1,0.250000,56.0
417,10,40,1,0.250000,57.0
418,10,39,1,0.250000,58.0
419,11,40,1,0.250000,59.0
420,10,43,1,0.250000,60.0
421,9,43,1,0.250000,61.0
422,19,41,1,0.250000,62.0
423,20,41,1,0.250000,63.0
424,20,42,1,0.250000,64.0
425,20,40,1,0.250000,65.0
426,19,40,1,0.250000,66.0
427,19,39,1,0.250000,67.0
428,23,35,1,0.250000,68.0
429,23,36,1,0.250000,69.0
430,24,32,1,0.250000,70.0
431,23,32,1,0.250000,71.0
432,23,31,1,0.250000,72.0
433,22,31,1,0.250000,73.0
434,21,31,1,0.250000,74.0
435,27,28,1,0.250000,75.0
436,25,28,1,0.250000,76.0
437,26,26,1,0.250000,77.0
438,26,28,1,0.250000,78.0
439,26,27,1,0.250000,79.0
440,25,27,1,0.250000,80.0
441,24,24,1,0.250000,81.0
442,25,26,1,0.250000,82.0
443,24,25,1,0.250000,83.0
444,25,25,1,0.250000,84.0
445,24,27,1,0.250000,85.0
446,23,25,1,0.250000,86.0
447,23,26,1,0.250000,87.0
448,24,26,1,0.250000,88.0
449,24,28,1,0.250000,89.0
450,23,27,1,0.250000,90.0
451,23,28,1,0.250000,91.0
452,22,28,1,0.250000,92.0
453,23,29,1,0.250000,93.0
454,20,28,1,0.250000,94.0
455,22,27,1,0.250000,95.0
456,19,20,1,0.250000,96.0
457,23,30,1,0.250000,97.0
458,22,29,1,0.250000,98.0
459,21,28,1,0.250000,99.0
460,31,22,1,0.250000,100.0
461,21,29,1,0.250000,101.0
462,22,30,1,0.250000,102.0
463,21,30,1,0.250000,103.0
464,20,30,1,0.250000,104.0
465,19,30,1,0.250000,105.0
466,20,29,1,0.250000,106.0
467,20,31,1,0.250000,107.0
468,14,35,1,0.250000,108.0
469,14,34,1,0.250000,109.0
470,15,35,1,0.250000,110.0
471,11,36,1,0.250000,111.0
472,10,36,1,0.250000,112.0
473,10,35,1,0.250000,113.0
474,11,34,1,0.250000,114.0
475,11,35,1,0.250000,115.0
476,6,36,1,0.250000,116.0
477,7,36,1,0.250000,117.0
478,6,37,1,0.250000,118.0
479,5,34,1,0.250000,119.0
480,5,35,1,0.250000,120.0
481,4,34,1,0.250000,121.0
482,8,39,1,0.250000,122.0
483,8,37,1,0.250000,123.0
484,8,38,1,0.250000,124.0
485,6,40,1,0.250000,125.0
486,6,39,1,0.250000,126.0
487,7,38,1,0.250000,127.0
488,6,38,1,0.250000,128.0
489,14,42,1,0.250000,129.0
490,14,43,1,0.250000,130.0
491,21,41,1,0.250000,131.0
492,21,40,1,0.250000,132.0
493,30,45,1,0.250000,133.0
494,38,32,1,0.250000,134.0
495,31,45,1,0.250000,135.0
496,39,40,1,0.250000,136.0
497,40,40,1,0.250000,137.0
498,38,40,1,0.250000,138.0
499,37,39,1,0.250000,139.0
500,35,42,1,0.250000,140.0
501,37,40,1,0.250000,141.0
502,36,40,1,0.250000,142.0
503,36,39,1,0.250000,143.0
504,35,39,1,0.250000,144.0
505,32,40,1,0.250000,145.0
506,31,39,1,0.250000,146.0
507,32,39,1,0.250000,147.0
508,32,38,1,0.250000,148.0
509,31,38,1,0.250000,149.0
510,20,45,1,0.250000,150.0
511,21,45,1,0.250000,151.0
512,26,39,1,0.250000,152.0
513,25,38,1,0.250000,153.0
514,26,38,1,0.250000,154.0
515,27,39,1,0.250000,155.0
516,27,38,1,0.250000,156.0
517,26,40,1,0.250000,157.0
518,28,39,1,0.250000,158.0
519,28,38,1,0.250000,159.0
520,29,37,1,0.250000,160.0
521,30,37,1,0.250000,161.0
522,29,38,1,0.250000,162.0
523,30,36,1,0.250000,163.0
524,30,38,1,0.250000,164.0
525,30,39,1,0.250000,165.0
526,33,39,1,0.250000,166.0
527,34,37,1,0.250000,167.0
528,33,38,1,0.250000,168.0
529,33,37,1,0.250000,169.0
530,33,36,1,0.250000,170.0
531,34,35,1,0.250000,171.0
532,34,36,1,0.250000,172.0
533,33,34,1,0.250000,173.0
534,33,35,1,0.250000,174.0
535,34,34,1,0.250000,175.0
536,33,33,1,0.250000,176.0
537,32,36,1,0.250000,177.0
538,32,35,1,0.250000,178.0
539,34,33,1,0.250000,179.0
540,32,34,1,0.250000,180.0
541,35,35,1,0.250000,181.0
542,36,35,1,0.250000,182.0
543,31,33,1,0.250000,183.0
544,35,34,1,0.250000,184.0
545,35,33,1,0.250000,185.0
546,35,32,1,0.250000,186.0
547,34,32,1,0.250000,187.0
548,36,36,1,0.250000,188.0
549,32,33,1,0.250000,189.0
550,30,35,1,0.250000,190.0
551,31,35,1,0.250000,191.0
552,30,34,1,0.250000,192.0
553,29,35,1,0.250000,193.0
554,31,34,1,0.250000,194.0
555,28,35,1,0.250000,195.0
556,27,35,1,0.250000,196.0
557,26,37,1,0.250000,197.0
558,26,35,1,0.250000,198.0
559,26,36,1,0.250000,199.0
560,25,36,1,0.250000,200.0
561,25,37,1,0.250000,201.0
562,18,38,1,0.250000,202.0
563,19,38,1,0.250000,203.0
564,20,37,1,0.250000,204.0
565,19,37,1,0.250000,205.0
566,18,39,1,0.250000,206.0
567,6,32,1,0.250000,207.0
568,17,38,1,0.250000,208.0
569,6,33,1,0.250000,209.0
570,8,29,1,0.250000,210.0
571,9,29,1,0.250000,211.0
572,13,26,1,0.250000,212.0
573,13,25,1,0.250000,213.0
574,13,24,1,0.250000,214.0
575,14,25,1,0.250000,215.0
576,18,31,1,0.250000,216.0
577,19,31,1,0.250000,217.0
578,1,20,1,0.250000,218.0
579,18,22,1,0.250000,219.0
580,17,22,1,0.250000,220.0
581,16,28,1,0.250000,221.0
582,22,15,1,0.250000,222.0
583,26,8,1,0.250000,223.0
584,25,8,1,0.250000,224.0
585,26,9,1,0.250000,225.0
586,26,7,1,0.250000,226.0
587,25,9,1,0.250000,227.0
588,18,16,1,0.250000,228.0
589,19,16,1,0.250000,229.0
590,21,16,1,0.250000,230.0
591,20,16,1,0.250000,231.0
592,14,20,1,0.250000,232.0
593,11,21,1,0.250000,233.0
594,11,20,1,0.250000,234.0
595,8,20,1,0.250000,235.0
596,7,20,1,0.250000,236.0
597,8,19,1,0.250000,237.0
598,7,19,1,0.250000,238.0
599,7,18,1,0.250000,239.0
600,3,20,1,0.250000,240.0
601,3,19,1,0.250000,241.0
602,4,18,1,0.250000,242.0
603,3,18,1,0.250000,243.0
604,2,18,1,0.250000,244.0
605,4,17,1,0.250000,245.0
606,6,17,1,0.250000,246.0
607,5,17,1,0.250000,247.0
608,5,18,1,0.250000,248.0
609,5,16,1,0.250000,249.0
610,6,14,1,0.250000,250.0
611,6,15,1,0.250000,251.0
612,6,16,1,0.250000,252.0
613,7,16,1,0.250000,253.0
614,7,17,1,0.250000,254.0
615,8,17,1,0.250000,255.0
616,5,13,1,0.250000,256.0
617,10,14,1,0.250000,257.0
618,5,14,1,0.250000,258.0
619,4,14,1,0.250000,259.0
620,9,14,1,0.250000,260.0
621,8,14,1,0.250000,261.0
622,7,15,1,0.250000,262.0
623,9,15,1,0.250000,263.0
624,7,14,1,0.250000,264.0
625,9,13,1,0.250000,265.0
626,10,15,1,0.250000,266.0
627,8,15,1,0.250000,267.0
628,8,16,1,0.250000,268.0
629,8,13,1,0.250000,269.0
630,10,13,1,0.250000,270.0
631,11,13,1,0.250000,271.0
632,13,14,1,0.250000,272.0
633,12,14,1,0.250000,273.0
634,11,12,1,0.250000,274.0
635,13,15,1,0.250000,275.0
636,12,13,1,0.250000,276.0
637,11,14,1,0.250000,277.0
638,13,13,1,0.250000,278.0
639,14,12,1,0.250000,279.0
640,12,15,1,0.250000,280.0
641,14,13,1,0.250000,281.0
642,15,13,1,0.250000,282.0
643,11,16,1,0.250000,283.0
644,11,15,1,0.250000,284.0
645,12,16,1,0.250000,285.0
646,16,13,1,0.250000,286.0
647,16,14,1,0.250000,287.0
648,15,14,1,0.250000,288.0
649,15,15,1,0.250000,289.0
650,14,14,1,0.250000,290.0
651,14,15,1,0.250000,291.0
652,15,16,1,0.250000,292.0
653,16,16,1,0.250000,293.0
654,17,16,1,0.250000,294.0
655,15,20,1,0.250000,295.0
656,15,19,1,0.250000,296.0
657,15,18,1,0.250000,297.0
658,14,19,1,0.250000,298.0
659,13,19,1,0.250000,299.0
660,8,26,1,0.250000,300.0
661,7,27,1,0.250000,301.0
662,6,27,1,0.250000,302.0
663,5,27,1,0.250000,303.0
664,6,28,1,0.250000,304.0
665,5,26,1,0.250000,305.0
666,6,25,1,0.250000,306.0
667,7,26,1,0.250000,307.0
668,6,26,1,0.250000,308.0
669,11,22,1,0.250000,309.0
670,10,22,1,0.250000,310.0
671,10,19,1,0.250000,311.0
672,28,13,1,0.250000,312.0
673,22,22,1,0.250000,313.0
674,30,7,1,0.250000,314.0
675,31,7,1,0.250000,315.0
676,31,6,1,0.250000,316.0
677,32,6,1,0.250000,317.0
678,32,5,1,0.250000,318.0
679,33,5,1,0.250000,319.0
680,33,4,1,0.250000,320.0
681,34,4,1,0.250000,321.0
682,33,3,1,0.250000,322.0
683,32,3,1,0.250000,323.0
684,31,3,1,0.250000,324.0
685,31,2,1,0.250000,325.0
686,32,2,1,0.250000,326.0
687,30,1,1,0.250000,327.0
688,30,2,1,0.250000,328.0
689,29,1,1,0.250000,329.0
690,26,6,1,0.250000,330.0
691,27,6,1,0.250000,331.0
692,32,10,1,0.250000,332.0
693,31,10,1,0.250000,333.0
694,32,9,1,0.250000,334.0
695,33,10,1,0.250000,335.0
696,39,16,1,0.250000,336.0
697,40,17,1,0.250000,337.0
698,40,18,1,0.250000,338.0
699,39,17,1,0.250000,339.0
700,39,22,1,0.250000,340.0
701,40,22,1,0.250000,341.0
702,29,22,1,0.250000,342.0
703,43,27,1,0.250000,343.0
704,42,26,1,0.250000,344.0
705,44,27,1,0.250000,345.0
706,42,27,1,0.250000,346.0
707,44,28,1,0.250000,347.0
708,42,28,1,0.250000,348.0
709,42,29,1,0.250000,349.0
710,43,30,1,0.250000,350.0
711,43,29,1,0.250000,351.0
712,43,28,1,0.250000,352.0
713,45,30,1,0.250000,353.0
714,44,30,1,0.250000,354.0
715,43,31,1,0.250000,355.0
716,44,29,1,0.250000,356.0
717,42,30,1,0.250000,357.0
718,41,31,1,0.250000,358.0
719,42,31,1,0.250000,359.0
720,35,23,2,0.500000,0.0
721,35,22,2,0.500000,1.0
722,38,23,2,0.500000,2.0
723,37,24,2,0.500000,3.0
724,37,23,2,0.500000,4.0
725,37,22,2,0.500000,5.0
726,36,22,2,0.500000,6.0
727,36,23,2,0.500000,7.0
728,38,22,2,0.500000,8.0
729,36,24,2,0.500000,9.0
730,39,21,2,0.500000,10.0
731,37,21,2,0.500000,11.0
732,38,21,2,0.500000,12.0
733,39,20,2,0.500000,13.0
734,38,20,2,0.500000,14.0
735,38,19,2,0.500000,15.0
736,38,18,2,0.500000,16.0
737,37,19,2,0.500000,17.0
738,37,18,2,0.500000,18.0
739,37,16,2,0.500000,19.0
740,36,16,2,0.500000,20.0
741,36,15,2,0.500000,21.0
742,37,15,2,0.500000,22.0
743,37,14,2,0.500000,23.0
744,35,14,2,0.500000,24.0
745,36,14,2,0.500000,25.0
746,35,13,2,0.500000,26.0
747,35,10,2,0.500000,27.0
748,34,10,2,0.500000,28.0
749,31,5,2,0.500000,29.0
750,37,10,2,0.500000,30.0
751,37,11,2,0.500000,31.0
752,36,11,2,0.500000,32.0
753,38,11,2,0.500000,33.0
754,37,12,2,0.500000,34.0
755,39,10,2,0.500000,35.0
756,38,9,2,0.500000,36.0
757,39,11,2,0.500000,37.0
758,38,8,2,0.500000,38.0
759,40,10,2,0.500000,39.0
760,40,15,2,0.500000,40.0
761,40,14,2,0.500000,41.0
762,44,23,2,0.500000,42.0
763,43,23,2,0.500000,43.0
764,43,22,2,0.500000,44.0
765,42,22,2,0.500000,45.0
766,31,36,2,0.500000,46.0
767,30,33,2,0.500000,47.0
768,30,32,2,0.500000,48.0
769,25,42,2,0.500000,49.0
770,24,42,2,0.500000,50.0
771,18,41,2,0.500000,51.0
772,17,43,2,0.500000,52.0
773,18,44,2,0.500000,53.0
774,17,44,2,0.500000,54.0
775,18,43,2,0.500000,55.0
776,17,40,2,0.500000,56.0
777,17,39,2,0.500000,57.0
778,16,39,2,0.500000,58.0
779,16,40,2,0.500000,59.0
780,15,39,2,0.500000,60.0
781,22,36,2,0.500000,61.0
782,16,36,2,0.500000,62.0
783,21,32,2,0.500000,63.0
784,25,30,2,0.500000,64.0
785,30,24,2,0.500000,65.0
786,28,32,2,0.500000,66.0
787,29,25,2,0.500000,67.0
788,28,25,2,0.500000,68.0
789,27,24,2,0.500000,69.0
790,28,24,2,0.500000,70.0
791,28,23,2,0.500000,71.0
792,29,24,2,0.500000,72.0
793,29,23,2,0.500000,73.0
794,30,23,2,0.500000,74.0
795,30,22,2,0.500000,75.0
796,32,21,2,0.500000,76.0
797,31,21,2,0.500000,77.0
798,29,21,2,0.500000,78.0
799,33,20,2,0.500000,79.0
800,32,20,2,0.500000,80.0
801,33,19,2,0.500000,81.0
802,32,19,2,0.500000,82.0
803,31,20,2,0.500000,83.0
804,33,17,2,0.500000,84.0
805,29,20,2,0.500000,85.0
806,30,19,2,0.500000,86.0
807,33,18,2,0.500000,87.0
808,31,19,2,0.500000,88.0
809,32,18,2,0.500000,89.0
810,29,19,2,0.500000,90.0
811,29,18,2,0.500000,91.0
812,31,18,2,0.500000,92.0
813,29,16,2,0.500000,93.0
814,28,19,2,0.500000,94.0
815,31,17,2,0.500000,95.0
816,30,18,2,0.500000,96.0
817,30,17,2,0.500000,97.0
818,28,18,2,0.500000,98.0
819,29,17,2,0.500000,99.0
820,28,17,2,0.500000,100.0
821,25,29,2,0.500000,101.0
822,29,14,2,0.500000,102.0
823,30,15,2,0.500000,103.0
824,29,15,2,0.500000,104.0
825,27,18,2,0.500000,105.0
826,26,17,2,0.500000,106.0
827,27,19,2,0.500000,107.0
828,26,18,2,0.500000,108.0
829,26,19,2,0.500000,109.0
830,25,14,2,0.500000,110.0
831,22,24,2,0.500000,111.0
832,21,24,2,0.500000,112.0
833,21,23,2,0.500000,113.0
834,22,23,2,0.500000,114.0
835,23,23,2,0.500000,115.0
836,15,28,2,0.500000,116.0
837,16,25,2,0.500000,117.0
838,15,17,2,0.500000,118.0
839,7,33,2,0.500000,119.0
840,8,33,2,0.500000,120.0
841,8,34,2,0.500000,121.0
842,7,34,2,0.500000,122.0
843,8,35,2,0.500000,123.0
844,7,35,2,0.500000,124.0
845,12,37,2,0.500000,125.0
846,12,38,2,0.500000,126.0
847,13,37,2,0.500000,127.0
848,14,37,2,0.500000,128.0
849,23,43,2,0.500000,129.0
850,23,44,2,0.500000,130.0
851,24,43,2,0.500000,131.0
852,27,40,2,0.500000,132.0
853,25,41,2,0.500000,133.0
854,33,41,2,0.500000,134.0
855,34,42,2,0.500000,135.0
856,34,41,2,0.500000,136.0
857,35,41,2,0.500000,137.0
858,34,40,2,0.500000,138.0
859,28,40,2,0.500000,139.0
860,27,41,2,0.500000,140.0
861,26,41,2,0.500000,141.0
862,37,32,2,0.500000,142.0
863,37,31,2,0.500000,143.0
864,24,37,2,0.500000,144.0
865,25,39,2,0.500000,145.0
866,24,39,2,0.500000,146.0
867,23,40,2,0.500000,147.0
868,25,40,2,0.500000,148.0
869,24,40,2,0.500000,149.0
870,24,41,2,0.500000,150.0
871,18,40,2,0.500000,151.0
872,16,38,2,0.500000,152.0
873,15,37,2,0.500000,153.0
874,16,37,2,0.500000,154.0
875,22,33,2,0.500000,155.0
876,21,34,2,0.500000,156.0
877,21,33,2,0.500000,157.0
878,18,35,2,0.500000,158.0
879,18,34,2,0.500000,159.0
880,18,36,2,0.500000,160.0
881,18,37,2,0.500000,161.0
882,17,36,2,0.500000,162.0
883,19,36,2,0.500000,163.0
884,22,25,2,0.500000,164.0
885,17,35,2,0.500000,165.0
886,16,34,2,0.500000,166.0
887,16,35,2,0.500000,167.0
888,17,34,2,0.500000,168.0
889,15,34,2,0.500000,169.0
890,17,33,2,0.500000,170.0
891,17,32,2,0.500000,171.0
892,20,32,2,0.500000,172.0
893,19,33,2,0.500000,173.0
894,19,34,2,0.500000,174.0
895,18,32,2,0.500000,175.0
896,20,34,2,0.500000,176.0
897,18,33,2,0.500000,177.0
898,19,32,2,0.500000,178.0
899,20,33,2,0.500000,179.0
900,19,35,2,0.500000,180.0
901,16,33,2,0.500000,181.0
902,16,32,2,0.500000,182.0
903,15,33,2,0.500000,183.0
904,14,32,2,0.500000,184.0
905,15,31,2,0.500000,185.0
906,15,30,2,0.500000,186.0
907,14,33,2,0.500000,187.0
908,14,31,2,0.500000,188.0
909,14,30,2,0.500000,189.0
910,15,32,2,0.500000,190.0
911,13,32,2,0.500000,191.0
912,13,30,2,0.500000,192.0
913,13,31,2,0.500000,193.0
914,12,31,2,0.500000,194.0
915,12,32,2,0.500000,195.0
916,13,33,2,0.500000,196.0
917,12,33,2,0.500000,197.0
918,11,33,2,0.500000,198.0
919,11,31,2,0.500000,199.0
920,11,32,2,0.500000,200.0
921,10,32,2,0.500000,201.0
922,8,32,2,0.500000,202.0
923,10,31,2,0.500000,203.0
924,9,34,2,0.500000,204.0
925,9,33,2,0.500000,205.0
926,6,31,2,0.500000,206.0
927,6,30,2,0.500000,207.0
928,7,30,2,0.500000,208.0
929,6,29,2,0.500000,209.0
930,10,26,2,0.500000,210.0
931,10,25,2,0.500000,211.0
932,10,24,2,0.500000,212.0
933,9,25,2,0.500000,213.0
934,15,23,2,0.500000,214.0
935,23,24,2,0.500000,215.0
936,15,22,2,0.500000,216.0
937,16,22,2,0.500000,217.0
938,14,22,2,0.500000,218.0
939,16,18,2,0.500000,219.0
940,16,19,2,0.500000,220.0
941,17,19,2,0.500000,221.0
942,18,19,2,0.500000,222.0
943,21,14,2,0.500000,223.0
944,20,14,2,0.500000,224.0
945,20,15,2,0.500000,225.0
946,19,14,2,0.500000,226.0
947,19,15,2,0.500000,227.0
948,18,14,2,0.500000,228.0
949,18,17,2,0.500000,229.0
950,17,17,2,0.500000,230.0
951,17,18,2,0.500000,231.0
952,16,17,2,0.500000,232.0
953,9,22,2,0.500000,233.0
954,10,21,2,0.500000,234.0
955,10,20,2,0.500000,235.0
956,9,21,2,0.500000,236.0
957,9,20,2,0.500000,237.0
958,8,21,2,0.500000,238.0
959,8,22,2,0.500000,239.0
960,7,21,2,0.500000,240.0
961,9,17,2,0.500000,241.0
962,9,16,2,0.500000,242.0
963,10,16,2,0.500000,243.0
964,14,8,2,0.500000,244.0
965,15,9,2,0.500000,245.0
966,16,9,2,0.500000,246.0
967,16,8,2,0.500000,247.0
968,14,9,2,0.500000,248.0
969,15,8,2,0.500000,249.0
970,18,7,2,0.500000,250.0
971,15,7,2,0.500000,251.0
972,18,9,2,0.500000,252.0
973,17,8,2,0.500000,253.0
974,18,8,2,0.500000,254.0
975,14,7,2,0.500000,255.0
976,14,6,2,0.500000,256.0
977,16,5,2,0.500000,257.0
978,15,6,2,0.500000,258.0
979,16,6,2,0.500000,259.0
980,17,7,2,0.500000,260.0
981,17,6,2,0.500000,261.0
982,18,5,2,0.500000,262.0
983,17,3,2,0.500000,263.0
984,17,4,2,0.500000,264.0
985,19,5,2,0.500000,265.0
986,18,4,2,0.500000,266.0
987,17,5,2,0.500000,267.0
988,18,3,2,0.500000,268.0
989,18,6,2,0.500000,269.0
990,19,3,2,0.500000,270.0
991,20,3,2,0.500000,271.0
992,19,4,2,0.500000,272.0
993,20,4,2,0.500000,273.0
994,37,8,2,0.500000,274.0
995,21,4,2,0.500000,275.0
996,22,4,2,0.500000,276.0
997,22,3,2,0.500000,277.0
998,20,5,2,0.500000,278.0
999,21,5,2,0.500000,279.0
1000,21,6,2,0.500000,280.0
1001,20,6,2,0.500000,281.0
1002,20,7,2,0.500000,282.0
1003,19,6,2,0.500000,283.0
1004,21,7,2,0.500000,284.0
1005,22,5,2,0.500000,285.0
1006,24,4,2,0.500000,286.0
1007,23,4,2,0.500000,287.0
1008,23,5,2,0.500000,288.0
1009,19,8,2,0.500000,289.0
1010,19,9,2,0.500000,290.0
1011,20,8,2,0.500000,291.0
1012,25,15,2,0.500000,292.0
1013,21,11,2,0.500000,293.0
1014,22,11,2,0.500000,294.0
1015,21,10,2,0.500000,295.0
1016,20,11,2,0.500000,296.0
1017,19,11,2,0.500000,297.0
1018,20,12,2,0.500000,298.0
1019,19,12,2,0.500000,299.0
1020,12,20,2,0.500000,300.0
1021,12,21,2,0.500000,301.0
1022,12,23,2,0.500000,302.0
1023,13,23,2,0.500000,303.0
1024,12,24,2,0.500000,304.0
1025,11,24,2,0.500000,305.0
1026,11,23,2,0.500000,306.0
1027,10,23,2,0.500000,307.0
1028,5,21,2,0.500000,308.0
1029,6,20,2,0.500000,309.0
1030,12,29,2,0.500000,310.0
1031,21,17,2,0.500000,311.0
1032,19,19,2,0.500000,312.0
1033,19,18,2,0.500000,313.0
1034,25,7,2,0.500000,314.0
1035,24,7,2,0.500000,315.0
1036,31,9,2,0.500000,316.0
1037,32,8,2,0.500000,317.0
1038,31,8,2,0.500000,318.0
1039,30,8,2,0.500000,319.0
1040,29,9,2,0.500000,320.0
1041,30,9,2,0.500000,321.0
1042,27,2,2,0.500000,322.0
1043,27,3,2,0.500000,323.0
1044,26,3,2,0.500000,324.0
1045,27,4,2,0.500000,325.0
1046,29,4,2,0.500000,326.0
1047,27,5,2,0.500000,327.0
1048,28,5,2,0.500000,328.0
1049,28,6,2,0.500000,329.0
1050,28,4,2,0.500000,330.0
1051,30,4,2,0.500000,331.0
1052,33,11,2,0.500000,332.0
1053,32,11,2,0.500000,333.0
1054,34,11,2,0.500000,334.0
1055,36,12,2,0.500000,335.0
1056,45,35,2,0.500000,336.0
1057,34,15,2,0.500000,337.0
1058,37,5,2,0.500000,338.0
1059,34,16,2,0.500000,339.0
1060,34,17,2,0.500000,340.0
1061,35,17,2,0.500000,341.0
1062,30,16,2,0.500000,342.0
1063,35,18,2,0.500000,343.0
1064,36,18,2,0.500000,344.0
1065,36,17,2,0.500000,345.0
1066,29,36,2,0.500000,346.0
1067,34,19,2,0.500000,347.0
1068,34,20,2,0.500000,348.0
1069,36,19,2,0.500000,349.0
1070,35,19,2,0.500000,350.0
1071,35,20,2,0.500000,351.0
1072,34,21,2,0.500000,352.0
1073,33,21,2,0.500000,353.0
1074,36,20,2,0.500000,354.0
1075,35,21,2,0.500000,355.0
1076,33,22,2,0.500000,356.0
1077,34,23,2,0.500000,357.0
1078,36,21,2,0.500000,358.0
1079,34,22,2,0.500000,359.0
1080,35,28,3,0.750000,0.0
1081,35,27,3,0.750000,1.0
1082,37,26,3,0.750000,2.0
1083,36,28,3,0.750000,3.0
1084,36,27,3,0.750000,4.0
1085,37,28,3,0.750000,5.0
1086,35,26,3,0.750000,6.0
1087,36,26,3,0.750000,7.0
1088,38,26,3,0.750000,8.0
1089,37,27,3,0.750000,9.0
1090,37,25,3,0.750000,10.0
1091,38,25,3,0.750000,11.0
1092,41,24,3,0.750000,12.0
1093,41,23,3,0.750000,13.0
1094,38,24,3,0.750000,14.0
1095,39,23,3,0.750000,15.0
1096,34,18,3,0.750000,16.0
1097,37,20,3,0.750000,17.0
1098,37,17,3,0.750000,18.0
1099,38,17,3,0.750000,19.0
1100,38,16,3,0.750000,20.0
1101,35,16,3,0.750000,21.0
1102,38,15,3,0.750000,22.0
1103,35,15,3,0.750000,23.0
1104,34,14,3,0.750000,24.0
1105,33,14,3,0.750000,25.0
1106,33,12,3,0.750000,26.0
1107,34,13,3,0.750000,27.0
1108,34,12,3,0.750000,28.0
1109,36,10,3,0.750000,29.0
1110,36,9,3,0.750000,30.0
1111,37,9,3,0.750000,31.0
1112,36,8,3,0.750000,32.0
1113,35,9,3,0.750000,33.0
1114,35,8,3,0.750000,34.0
1115,34,8,3,0.750000,35.0
1116,33,8,3,0.750000,36.0
1117,42,7,3,0.750000,37.0
1118,42,6,3,0.750000,38.0
1119,40,13,3,0.750000,39.0
1120,41,11,3,0.750000,40.0
1121,41,12,3,0.750000,41.0
1122,34,9,3,0.750000,42.0
1123,44,14,3,0.750000,43.0
1124,43,13,3,0.750000,44.0
1125,39,19,3,0.750000,45.0
1126,39,18,3,0.750000,46.0
1127,34,29,3,0.750000,47.0
1128,34,28,3,0.750000,48.0
1129,27,36,3,0.750000,49.0
1130,27,37,3,0.750000,50.0
1131,28,37,3,0.750000,51.0
1132,17,41,3,0.750000,52.0
1133,16,41,3,0.750000,53.0
1134,17,37,3,0.750000,54.0
1135,15,40,3,0.750000,55.0
1136,14,39,3,0.750000,56.0
1137,14,40,3,0.750000,57.0
1138,13,39,3,0.750000,58.0
1139,12,39,3,0.750000,59.0
1140,12,40,3,0.750000,60.0
1141,14,41,3,0.750000,61.0
1142,21,37,3,0.750000,62.0
1143,21,36,3,0.750000,63.0
1144,20,36,3,0.750000,64.0
1145,21,35,3,0.750000,65.0
1146,20,35,3,0.750000,66.0
1147,22,35,3,0.750000,67.0
1148,24,29,3,0.750000,68.0
1149,27,23,3,0.750000,69.0
1150,26,23,3,0.750000,70.0
1151,27,25,3,0.750000,71.0
1152,18,18,3,0.750000,72.0
1153,25,24,3,0.750000,73.0
1154,26,25,3,0.750000,74.0
1155,26,24,3,0.750000,75.0
1156,24,22,3,0.750000,76.0
1157,23,22,3,0.750000,77.0
1158,24,21,3,0.750000,78.0
1159,25,22,3,0.750000,79.0
1160,24,19,3,0.750000,80.0
1161,25,18,3,0.750000,81.0
1162,25,21,3,0.750000,82.0
1163,25,19,3,0.750000,83.0
1164,23,19,3,0.750000,84.0
1165,24,18,3,0.750000,85.0
1166,23,20,3,0.750000,86.0
1167,24,20,3,0.750000,87.0
1168,25,20,3,0.750000,88.0
1169,23,18,3,0.750000,89.0
1170,23,21,3,0.750000,90.0
1171,21,20,3,0.750000,91.0
1172,22,19,3,0.750000,92.0
1173,21,19,3,0.750000,93.0
1174,22,18,3,0.750000,94.0
1175,20,20,3,0.750000,95.0
1176,21,22,3,0.750000,96.0
1177,22,20,3,0.750000,97.0
1178,21,21,3,0.750000,98.0
1179,22,21,3,0.750000,99.0
1180,20,21,3,0.750000,100.0
1181,19,22,3,0.750000,101.0
1182,20,22,3,0.750000,102.0
1183,19,21,3,0.750000,103.0
1184,20,23,3,0.750000,104.0
1185,20,24,3,0.750000,105.0
1186,15,25,3,0.750000,106.0
1187,19,23,3,0.750000,107.0
1188,14,23,3,0.750000,108.0
1189,15,24,3,0.750000,109.0
1190,14,24,3,0.750000,110.0
1191,12,26,3,0.750000,111.0
1192,11,26,3,0.750000,112.0
1193,12,28,3,0.750000,113.0
1194,12,27,3,0.750000,114.0
1195,10,30,3,0.750000,115.0
1196,11,30,3,0.750000,116.0
1197,9,32,3,0.750000,117.0
1198,7,29,3,0.750000,118.0
1199,7,28,3,0.750000,119.0
1200,3,31,3,0.750000,120.0
1201,4,31,3,0.750000,121.0
1202,4,32,3,0.750000,122.0
1203,5,32,3,0.750000,123.0
1204,5,33,3,0.750000,124.0
1205,9,41,3,0.750000,125.0
1206,9,38,3,0.750000,126.0
1207,10,38,3,0.750000,127.0
1208,10,37,3,0.750000,128.0
1209,11,37,3,0.750000,129.0
1210,11,38,3,0.750000,130.0
1211,15,36,3,0.750000,131.0
1212,30,41,3,0.750000,132.0
1213,30,40,3,0.750000,133.0
1214,31,40,3,0.750000,134.0
1215,31,41,3,0.750000,135.0
1216,36,31,3,0.750000,136.0
1217,31,37,3,0.750000,137.0
1218,42,36,3,0.750000,138.0
1219,35,37,3,0.750000,139.0
1220,35,36,3,0.750000,140.0
1221,34,38,3,0.750000,141.0
1222,43,32,3,0.750000,142.0
1223,34,39,3,0.750000,143.0
1224,36,25,3,0.750000,144.0
1225,29,34,3,0.750000,145.0
1226,28,33,3,0.750000,146.0
1227,28,34,3,0.750000,147.0
1228,28,36,3,0.750000,148.0
1229,29,33,3,0.750000,149.0
1230,25,43,3,0.750000,150.0
1231,20,38,3,0.750000,151.0
1232,20,39,3,0.750000,152.0
1233,21,38,3,0.750000,153.0
1234,21,39,3,0.750000,154.0
1235,25,44,3,0.750000,155.0
1236,13,34,3,0.750000,156.0
1237,12,34,3,0.750000,157.0
1238,16,31,3,0.750000,158.0
1239,17,31,3,0.750000,159.0
1240,16,30,3,0.750000,160.0
1241,18,30,3,0.750000,161.0
1242,17,30,3,0.750000,162.0
1243,15,29,3,0.750000,163.0
1244,16,29,3,0.750000,164.0
1245,17,29,3,0.750000,165.0
1246,18,29,3,0.750000,166.0
1247,19,28,3,0.750000,167.0
1248,17,28,3,0.750000,168.0
1249,18,28,3,0.750000,169.0
1250,19,25,3,0.750000,170.0
1251,22,26,3,0.750000,171.0
1252,21,27,3,0.750000,172.0
1253,20,26,3,0.750000,173.0
1254,19,26,3,0.750000,174.0
1255,21,26,3,0.750000,175.0
1256,20,27,3,0.750000,176.0
1257,20,25,3,0.750000,177.0
1258,21,25,3,0.750000,178.0
1259,19,24,3,0.750000,179.0
1260,19,27,3,0.750000,180.0
1261,17,23,3,0.750000,181.0
1262,18,25,3,0.750000,182.0
1263,18,23,3,0.750000,183.0
1264,17,24,3,0.750000,184.0
1265,16,24,3,0.750000,185.0
1266,17,25,3,0.750000,186.0
1267,18,24,3,0.750000,187.0
1268,17,26,3,0.750000,188.0
1269,18,26,3,0.750000,189.0
1270,16,26,3,0.750000,190.0
1271,18,27,3,0.750000,191.0
1272,17,27,3,0.750000,192.0
1273,16,27,3,0.750000,193.0
1274,15,27,3,0.750000,194.0
1275,14,29,3,0.750000,195.0
1276,14,28,3,0.750000,196.0
1277,13,29,3,0.750000,197.0
1278,13,28,3,0.750000,198.0
1279,14,27,3,0.750000,199.0
1280,13,27,3,0.750000,200.0
1281,11,28,3,0.750000,201.0
1282,11,27,3,0.750000,202.0
1283,11,29,3,0.750000,203.0
1284,10,28,3,0.750000,204.0
1285,10,27,3,0.750000,205.0
1286,9,27,3,0.750000,206.0
1287,5,25,3,0.750000,207.0
1288,9,26,3,0.750000,208.0
1289,5,24,3,0.750000,209.0
1290,6,24,3,0.750000,210.0
1291,7,24,3,0.750000,211.0
1292,13,20,3,0.750000,212.0
1293,14,21,3,0.750000,213.0
1294,15,21,3,0.750000,214.0
1295,16,21,3,0.750000,215.0
1296,17,21,3,0.750000,216.0
1297,16,20,3,0.750000,217.0
1298,17,20,3,0.750000,218.0
1299,18,20,3,0.750000,219.0
1300,17,13,3,0.750000,220.0
1301,17,14,3,0.750000,221.0
1302,18,15,3,0.750000,222.0
1303,22,14,3,0.750000,223.0
1304,22,13,3,0.750000,224.0
1305,26,13,3,0.750000,225.0
1306,24,13,3,0.750000,226.0
1307,21,9,3,0.750000,227.0
1308,22,9,3,0.750000,228.0
1309,16,12,3,0.750000,229.0
1310,17,11,3,0.750000,230.0
1311,16,11,3,0.750000,231.0
1312,10,17,3,0.750000,232.0
1313,11,17,3,0.750000,233.0
1314,8,18,3,0.750000,234.0
1315,9,18,3,0.750000,235.0
1316,9,19,3,0.750000,236.0
1317,10,18,3,0.750000,237.0
1318,5,19,3,0.750000,238.0
1319,4,19,3,0.750000,239.0
1320,2,19,3,0.750000,240.0
1321,1,19,3,0.750000,241.0
1322,3,17,3,0.750000,242.0
1323,4,16,3,0.750000,243.0
1324,4,15,3,0.750000,244.0
1325,6,12,3,0.750000,245.0
1326,5,12,3,0.750000,246.0
1327,6,13,3,0.750000,247.0
1328,6,11,3,0.750000,248.0
1329,5,11,3,0.750000,249.0
1330,7,13,3,0.750000,250.0
1331,7,11,3,0.750000,251.0
1332,7,12,3,0.750000,252.0
1333,8,12,3,0.750000,253.0
1334,8,11,3,0.750000,254.0
1335,9,11,3,0.750000,255.0
1336,6,9,3,0.750000,256.0
1337,5,9,3,0.750000,257.0
1338,5,10,3,0.750000,258.0
1339,6,10,3,0.750000,259.0
1340,7,8,3,0.750000,260.0
1341,7,9,3,0.750000,261.0
1342,7,7,3,0.750000,262.0
1343,8,8,3,0.750000,263.0
1344,8,7,3,0.750000,264.0
1345,8,10,3,0.750000,265.0
1346,7,10,3,0.750000,266.0
1347,6,8,3,0.750000,267.0
1348,8,9,3,0.750000,268.0
1349,9,8,3,0.750000,269.0
1350,10,8,3,0.750000,270.0
1351,10,9,3,0.750000,271.0
1352,12,9,3,0.750000,272.0
1353,12,8,3,0.750000,273.0
1354,13,9,3,0.750000,274.0
1355,13,10,3,0.750000,275.0
1356,9,9,3,0.750000,276.0
1357,12,10,3,0.750000,277.0
1358,10,10,3,0.750000,278.0
1359,9,10,3,0.750000,279.0
1360,11,10,3,0.750000,280.0
1361,9,12,3,0.750000,281.0
1362,10,11,3,0.750000,282.0
1363,12,12,3,0.750000,283.0
1364,11,11,3,0.750000,284.0
1365,12,11,3,0.750000,285.0
1366,28,10,3,0.750000,286.0
1367,10,12,3,0.750000,287.0
1368,13,11,3,0.750000,288.0
1369,13,12,3,0.750000,289.0
1370,14,11,3,0.750000,290.0
1371,15,12,3,0.750000,291.0
1372,14,10,3,0.750000,292.0
1373,18,11,3,0.750000,293.0
1374,18,12,3,0.750000,294.0
1375,17,12,3,0.750000,295.0
1376,13,16,3,0.750000,296.0
1377,14,17,3,0.750000,297.0
1378,14,16,3,0.750000,298.0
1379,13,17,3,0.750000,299.0
1380,4,25,3,0.750000,300.0
1381,9,23,3,0.750000,301.0
1382,9,24,3,0.750000,302.0
1383,8,23,3,0.750000,303.0
1384,8,24,3,0.750000,304.0
1385,7,23,3,0.750000,305.0
1386,7,22,3,0.750000,306.0
1387,11,25,3,0.750000,307.0
1388,12,25,3,0.750000,308.0
1389,12,30,3,0.750000,309.0
1390,14,18,3,0.750000,310.0
1391,13,18,3,0.750000,311.0
1392,21,12,3,0.750000,312.0
1393,21,13,3,0.750000,313.0
1394,22,10,3,0.750000,314.0
1395,23,11,3,0.750000,315.0
1396,23,10,3,0.750000,316.0
1397,28,7,3,0.750000,317.0
1398,28,8,3,0.750000,318.0
1399,29,5,3,0.750000,319.0
1400,30,6,3,0.750000,320.0
1401,30,5,3,0.750000,321.0
1402,30,3,3,0.750000,322.0
1403,29,2,3,0.750000,323.0
1404,29,3,3,0.750000,324.0
1405,26,4,3,0.750000,325.0
1406,25,4,3,0.750000,326.0
1407,26,5,3,0.750000,327.0
1408,25,6,3,0.750000,328.0
1409,25,5,3,0.750000,329.0
1410,24,6,3,0.750000,330.0
1411,24,5,3,0.750000,331.0
1412,30,10,3,0.750000,332.0
1413,31,11,3,0.750000,333.0
1414,30,11,3,0.750000,334.0
1415,33,16,3,0.750000,335.0
1416,32,17,3,0.750000,336.0
1417,32,16,3,0.750000,337.0
1418,31,16,3,0.750000,338.0
1419,31,15,3,0.750000,339.0
1420,32,15,3,0.750000,340.0
1421,33,15,3,0.750000,341.0
1422,32,22,3,0.750000,342.0
1423,33,23,3,0.750000,343.0
1424,32,23,3,0.750000,344.0
1425,31,23,3,0.750000,345.0
1426,34,25,3,0.750000,346.0
1427,33,25,3,0.750000,347.0
1428,35,25,3,0.750000,348.0
1429,34,26,3,0.750000,349.0
1430,33,26,3,0.750000,350.0
1431,32,26,3,0.750000,351.0
1432,31,25,3,0.750000,352.0
1433,31,26,3,0.750000,353.0
1434,32,25,3,0.750000,354.0
1435,31,24,3,0.750000,355.0
1436,32,24,3,0.750000,356.0
1437,33,27,3,0.750000,357.0
1438,33,24,3,0.750000,358.0
1439,30,25,3,0.750000,359.0
1440,40,39,4,1.000000,0.0
1441,38,33,4,1.000000,1.0
1442,38,34,4,1.000000,2.0
1443,39,36,4,1.000000,3.0
1444,37,35,4,1.000000,4.0
1445,38,36,4,1.000000,5.0
1446,39,37,4,1.000000,6.0
1447,37,36,4,1.000000,7.0
1448,38,35,4,1.000000,8.0
1449,39,34,4,1.000000,9.0
1450,39,35,4,1.000000,10.0
1451,38,31,4,1.000000,11.0
1452,37,30,4,1.000000,12.0
1453,38,30,4,1.000000,13.0
1454,38,29,4,1.000000,14.0
1455,39,24,4,1.000000,15.0
1456,40,25,4,1.000000,16.0
1457,39,25,4,1.000000,17.0
1458,39,26,4,1.000000,18.0
1459,42,18,4,1.000000,19.0
1460,42,17,4,1.000000,20.0
1461,43,15,4,1.000000,21.0
1462,42,15,4,1.000000,22.0
1463,40,12,4,1.000000,23.0
1464,39,12,4,1.000000,24.0
1465,40,11,4,1.000000,25.0
1466,36,5,4,1.000000,26.0
1467,36,6,4,1.000000,27.0
1468,40,6,4,1.000000,28.0
1469,40,7,4,1.000000,29.0
1470,40,8,4,1.000000,30.0
1471,38,7,4,1.000000,31.0
1472,39,7,4,1.000000,32.0
1473,38,6,4,1.000000,33.0
1474,37,6,4,1.000000,34.0
1475,41,7,4,1.000000,35.0
1476,39,6,4,1.000000,36.0
1477,39,5,4,1.000000,37.0
1478,38,5,4,1.000000,38.0
1479,44,13,4,1.000000,39.0
1480,45,12,4,1.000000,40.0
1481,44,12,4,1.000000,41.0
1482,45,17,4,1.000000,42.0
1483,44,17,4,1.000000,43.0
1484,43,17,4,1.000000,44.0
1485,43,18,4,1.000000,45.0
1486,43,19,4,1.000000,46.0
1487,40,26,4,1.000000,47.0
1488,41,26,4,1.000000,48.0
1489,39,41,4,1.000000,49.0
1490,22,41,4,1.000000,50.0
1491,22,42,4,1.000000,51.0
1492,14,45,4,1.000000,52.0
1493,15,45,4,1.000000,53.0
1494,15,44,4,1.000000,54.0
1495,12,42,4,1.000000,55.0
1496,11,45,4,1.000000,56.0
1497,12,45,4,1.000000,57.0
1498,10,44,4,1.000000,58.0
1499,11,44,4,1.000000,59.0
1500,11,43,4,1.000000,60.0
1501,11,42,4,1.000000,61.0
1502,27,43,4,1.000000,62.0
1503,26,42,4,1.000000,63.0
1504,27,42,4,1.000000,64.0
1505,28,42,4,1.000000,65.0
1506,28,41,4,1.000000,66.0
1507,34,27,4,1.000000,67.0
1508,35,24,4,1.000000,68.0
1509,34,24,4,1.000000,69.0
1510,32,37,4,1.000000,70.0
1511,26,22,4,1.000000,71.0
1512,26,21,4,1.000000,72.0
1513,32,12,4,1.000000,73.0
1514,32,13,4,1.000000,74.0
1515,33,13,4,1.000000,75.0
1516,31,12,4,1.000000,76.0
1517,31,13,4,1.000000,77.0
1518,18,1,4,1.000000,78.0
1519,30,13,4,1.000000,79.0
1520,32,14,4,1.000000,80.0
1521,31,14,4,1.000000,81.0
1522,30,12,4,1.000000,82.0
1523,29,12,4,1.000000,83.0
1524,30,20,4,1.000000,84.0
1525,29,13,4,1.000000,85.0
1526,28,12,4,1.000000,86.0
1527,28,11,4,1.000000,87.0
1528,29,11,4,1.000000,88.0
1529,29,10,4,1.000000,89.0
1530,27,7,4,1.000000,90.0
1531,25,10,4,1.000000,91.0
1532,26,11,4,1.000000,92.0
1533,26,12,4,1.000000,93.0
1534,27,12,4,1.000000,94.0
1535,27,13,4,1.000000,95.0
1536,27,11,4,1.000000,96.0
1537,26,10,4,1.000000,97.0
1538,29,8,4,1.000000,98.0
1539,27,10,4,1.000000,99.0
1540,21,8,4,1.000000,100.0
1541,22,12,4,1.000000,101.0
1542,24,12,4,1.000000,102.0
1543,23,12,4,1.000000,103.0
1544,23,13,4,1.000000,104.0
1545,24,23,4,1.000000,105.0
1546,25,23,4,1.000000,106.0
1547,15,26,4,1.000000,107.0
1548,14,26,4,1.000000,108.0
1549,9,31,4,1.000000,109.0
1550,9,30,4,1.000000,110.0
1551,10,29,4,1.000000,111.0
1552,9,28,4,1.000000,112.0
1553,3,37,4,1.000000,113.0
1554,2,37,4,1.000000,114.0
1555,2,36,4,1.000000,115.0
1556,4,36,4,1.000000,116.0
1557,5,36,4,1.000000,117.0
1558,3,36,4,1.000000,118.0
1559,0,29,4,1.000000,119.0
1560,1,30,4,1.000000,120.0
1561,1,31,4,1.000000,121.0
1562,3,33,4,1.000000,122.0
1563,3,32,4,1.000000,123.0
1564,3,34,4,1.000000,124.0
1565,5,39,4,1.000000,125.0
1566,4,40,4,1.000000,126.0
1567,5,40,4,1.000000,127.0
1568,15,41,4,1.000000,128.0
1569,15,42,4,1.000000,129.0
1570,16,42,4,1.000000,130.0
1571,17,42,4,1.000000,131.0
1572,33,44,4,1.000000,132.0
1573,34,44,4,1.000000,133.0
1574,35,44,4,1.000000,134.0
1575,36,44,4,1.000000,135.0
1576,38,42,4,1.000000,136.0
1577,38,41,4,1.000000,137.0
1578,39,42,4,1.000000,138.0
1579,44,37,4,1.000000,139.0
1580,45,37,4,1.000000,140.0
1581,26,43,4,1.000000,141.0
1582,29,43,4,1.000000,142.0
1583,29,44,4,1.000000,143.0
1584,30,44,4,1.000000,144.0
1585,34,43,4,1.000000,145.0
1586,33,42,4,1.000000,146.0
1587,33,43,4,1.000000,147.0
1588,31,42,4,1.000000,148.0
1589,32,42,4,1.000000,149.0
1590,32,41,4,1.000000,150.0
1591,22,45,4,1.000000,151.0
1592,19,44,4,1.000000,152.0
1593,9,42,4,1.000000,153.0
1594,18,45,4,1.000000,154.0
1595,16,44,4,1.000000,155.0
1596,16,43,4,1.000000,156.0
1597,15,43,4,1.000000,157.0
1598,19,29,4,1.000000,158.0
1599,19,45,4,1.000000,159.0
1600,22,40,4,1.000000,160.0
1601,22,39,4,1.000000,161.0
1602,26,34,4,1.000000,162.0
1603,25,34,4,1.000000,163.0
1604,25,33,4,1.000000,164.0
1605,24,33,4,1.000000,165.0
1606,27,34,4,1.000000,166.0
1607,27,33,4,1.000000,167.0
1608,26,33,4,1.000000,168.0
1609,27,32,4,1.000000,169.0
1610,29,31,4,1.000000,170.0
1611,29,32,4,1.000000,171.0
1612,30,29,4,1.000000,172.0
1613,28,30,4,1.000000,173.0
1614,28,31,4,1.000000,174.0
1615,26,30,4,1.000000,175.0
1616,26,29,4,1.000000,176.0
1617,29,29,4,1.000000,177.0
1618,27,30,4,1.000000,178.0
1619,29,30,4,1.000000,179.0
1620,27,29,4,1.000000,180.0
1621,29,26,4,1.000000,181.0
1622,28,27,4,1.000000,182.0
1623,27,27,4,1.000000,183.0
1624,28,29,4,1.000000,184.0
1625,28,28,4,1.000000,185.0
1626,28,26,4,1.000000,186.0
1627,27,26,4,1.000000,187.0
1628,27,22,4,1.000000,188.0
1629,24,35,4,1.000000,189.0
1630,25,35,4,1.000000,190.0
1631,28,14,4,1.000000,191.0
1632,22,34,4,1.000000,192.0
1633,23,33,4,1.000000,193.0
1634,23,34,4,1.000000,194.0
1635,15,38,4,1.000000,195.0
1636,29,28,4,1.000000,196.0
1637,24,30,4,1.000000,197.0
1638,8,40,4,1.000000,198.0
1639,9,40,4,1.000000,199.0
1640,9,39,4,1.000000,200.0
1641,4,37,4,1.000000,201.0
1642,4,38,4,1.000000,202.0
1643,8,30,4,1.000000,203.0
1644,7,31,4,1.000000,204.0
1645,8,31,4,1.000000,205.0
1646,5,30,4,1.000000,206.0
1647,5,31,4,1.000000,207.0
1648,4,30,4,1.000000,208.0
1649,3,30,4,1.000000,209.0
1650,3,29,4,1.000000,210.0
1651,3,22,4,1.000000,211.0
1652,2,23,4,1.000000,212.0
1653,1,24,4,1.000000,213.0
1654,1,23,4,1.000000,214.0
1655,1,22,4,1.000000,215.0
1656,0,22,4,1.000000,216.0
1657,6,19,4,1.000000,217.0
1658,4,21,4,1.000000,218.0
1659,11,18,4,1.000000,219.0
1660,12,19,4,1.000000,220.0
1661,11,19,4,1.000000,221.0
1662,19,13,4,1.000000,222.0
1663,20,13,4,1.000000,223.0
1664,18,13,4,1.000000,224.0
1665,22,2,4,1.000000,225.0
1666,23,2,4,1.000000,226.0
1667,23,1,4,1.000000,227.0
1668,18,0,4,1.000000,228.0
1669,20,1,4,1.000000,229.0
1670,20,0,4,1.000000,230.0
1671,21,0,4,1.000000,231.0
1672,16,10,4,1.000000,232.0
1673,12,0,4,1.000000,233.0
1674,4,11,4,1.000000,234.0
1675,1,13,4,1.000000,235.0
1676,1,14,4,1.000000,236.0
1677,1,15,4,1.000000,237.0
1678,0,14,4,1.000000,238.0
1679,0,12,4,1.000000,239.0
1680,1,17,4,1.000000,240.0
1681,1,18,4,1.000000,241.0
1682,2,11,4,1.000000,242.0
1683,1,10,4,1.000000,243.0
1684,1,11,4,1.000000,244.0
1685,2,10,4,1.000000,245.0
1686,2,9,4,1.000000,246.0
1687,1,9,4,1.000000,247.0
1688,1,8,4,1.000000,248.0
1689,2,8,4,1.000000,249.0
1690,3,7,4,1.000000,250.0
1691,2,7,4,1.000000,251.0
1692,2,6,4,1.000000,252.0
1693,3,5,4,1.000000,253.0
1694,4,5,4,1.000000,254.0
1695,5,4,4,1.000000,255.0
1696,9,3,4,1.000000,256.0
1697,8,3,4,1.000000,257.0
1698,6,3,4,1.000000,258.0
1699,7,3,4,1.000000,259.0
1700,10,0,4,1.000000,260.0
1701,12,1,4,1.000000,261.0
1702,11,0,4,1.000000,262.0
1703,11,1,4,1.000000,263.0
1704,10,1,4,1.000000,264.0
1705,11,3,4,1.000000,265.0
1706,11,2,4,1.000000,266.0
1707,10,2,4,1.000000,267.0
1708,9,2,4,1.000000,268.0
1709,9,1,4,1.000000,269.0
1710,10,3,4,1.000000,270.0
1711,10,5,4,1.000000,271.0
1712,12,3,4,1.000000,272.0
1713,11,4,4,1.000000,273.0
1714,13,4,4,1.000000,274.0
1715,14,4,4,1.000000,275.0
1716,13,3,4,1.000000,276.0
1717,12,4,4,1.000000,277.0
1718,13,2,4,1.000000,278.0
1719,13,0,4,1.000000,279.0
1720,13,1,4,1.000000,280.0
1721,14,2,4,1.000000,281.0
1722,14,3,4,1.000000,282.0
1723,15,3,4,1.000000,283.0
1724,15,2,4,1.000000,284.0
1725,15,0,4,1.000000,285.0
1726,16,2,4,1.000000,286.0
1727,15,1,4,1.000000,287.0
1728,16,1,4,1.000000,288.0
1729,16,0,4,1.000000,289.0
1730,17,1,4,1.000000,290.0
1731,19,0,4,1.000000,291.0
1732,18,10,4,1.000000,292.0
1733,22,8,4,1.000000,293.0
1734,23,8,4,1.000000,294.0
1735,23,9,4,1.000000,295.0
1736,31,4,4,1.000000,296.0
1737,22,7,4,1.000000,297.0
1738,23,7,4,1.000000,298.0
1739,12,17,4,1.000000,299.0
1740,4,26,4,1.000000,300.0
1741,3,26,4,1.000000,301.0
1742,2,26,4,1.000000,302.0
1743,2,28,4,1.000000,303.0
1744,2,27,4,1.000000,304.0
1745,3,27,4,1.000000,305.0
1746,4,24,4,1.000000,306.0
1747,4,23,4,1.000000,307.0
1748,4,22,4,1.000000,308.0
1749,13,21,4,1.000000,309.0
1750,12,22,4,1.000000,310.0
1751,13,22,4,1.000000,311.0
1752,22,6,4,1.000000,312.0
1753,23,6,4,1.000000,313.0
1754,26,2,4,1.000000,314.0
1755,25,3,4,1.000000,315.0
1756,34,3,4,1.000000,316.0
1757,34,2,4,1.000000,317.0
1758,33,2,4,1.000000,318.0
1759,35,0,4,1.000000,319.0
1760,36,0,4,1.000000,320.0
1761,34,1,4,1.000000,321.0
1762,27,1,4,1.000000,322.0
1763,28,2,4,1.000000,323.0
1764,28,1,4,1.000000,324.0
1765,28,0,4,1.000000,325.0
1766,26,1,4,1.000000,326.0
1767,25,1,4,1.000000,327.0
1768,26,0,4,1.000000,328.0
1769,27,0,4,1.000000,329.0
1770,22,1,4,1.000000,330.0
1771,22,0,4,1.000000,331.0
1772,27,8,4,1.000000,332.0
1773,28,9,4,1.000000,333.0
1774,27,9,4,1.000000,334.0
1775,34,7,4,1.000000,335.0
1776,34,6,4,1.000000,336.0
1777,32,7,4,1.000000,337.0
1778,33,7,4,1.000000,338.0
1779,33,6,4,1.000000,339.0
1780,41,16,4,1.000000,340.0
1781,42,16,4,1.000000,341.0
1782,41,17,4,1.000000,342.0
1783,41,19,4,1.000000,343.0
1784,40,19,4,1.000000,344.0
1785,41,18,4,1.000000,345.0
1786,41,25,4,1.000000,346.0
1787,36,33,4,1.000000,347.0
1788,37,34,4,1.000000,348.0
1789,36,34,4,1.000000,349.0
1790,37,33,4,1.000000,350.0
1791,39,39,4,1.000000,351.0
1792,39,38,4,1.000000,352.0
1793,38,37,4,1.000000,353.0
1794,38,39,4,1.000000,354.0
1795,36,38,4,1.000000,355.0
1796,37,37,4,1.000000,356.0
1797,37,38,4,1.000000,357.0
1798,35,38,4,1.000000,358.0
1799,38,38,4,1.000000,359.0
